En alakalı sayfalar,Tıklamalar,Gösterimler,TO,Pozisyon
https://www.webcraft.tr/,62,1119,5.54%,3.15
https://www.webcraft.tr/hizmetler/web-tasarim,5,558,0.9%,38.12
https://www.webcraft.tr/islerimiz,3,347,0.86%,5.03
https://www.webcraft.tr/blog/online-magaza-kurulumu,1,418,0.24%,11.69
https://www.webcraft.tr/e-ticaret-web-tasarim,1,390,0.26%,17.16
https://www.webcraft.tr/hizmetler/dijital-pazarlama,1,347,0.29%,22.5
https://www.webcraft.tr/hizmetler/mobil-uygulama,1,248,0.4%,10.04
https://www.webcraft.tr/gizlilik-politikasi,1,211,0.47%,8.84
https://www.webcraft.tr/hizmetler/performans-odakli-web-tasarim,1,92,1.09%,11.97
https://www.webcraft.tr/hizmetler,0,419,0%,6.83
https://www.webcraft.tr/blog,0,214,0%,3.99
https://www.webcraft.tr/kullanim-sartlari,0,176,0%,10.28
https://www.webcraft.tr/blog/minimalist-tasarim-yaklasimlari,0,174,0%,8.6
https://www.webcraft.tr/hizmetler/yazilim-gelistirme,0,143,0%,11.98
https://www.webcraft.tr/blog/guclu-marka-imaji-olusturma,0,97,0%,9.14
https://www.webcraft.tr/cerez-politikasi,0,73,0%,12.41
https://www.webcraft.tr/karsilastirma/platformlar,0,64,0%,4.67
https://www.webcraft.tr/hizmetler/e-ticaret,0,50,0%,11.26
https://www.webcraft.tr/fethiye-web-tasarim-hizmetleri,0,48,0%,6.21
https://www.webcraft.tr/blog/web-analitik-araclari,0,47,0%,28.09
https://www.webcraft.tr/karsilastirma,0,36,0%,9.36
https://www.webcraft.tr/blog/2024-seo-trendleri,0,33,0%,11.82
https://www.webcraft.tr/blog/kurumsal-web-sitesi-yaptirirken-yapilan-7-kritik-hata,0,27,0%,10.3
https://www.webcraft.tr/blog/web-sitesi-guvenligi,0,18,0%,27.78
https://www.webcraft.tr/blog/yerel-seo-stratejileri,0,12,0%,9.75
https://www.webcraft.tr/karsilastirma/freelancer-vs-ajans,0,10,0%,9.7
https://www.webcraft.tr/hizmetler/seo-hizmeti,0,5,0%,32